,【ベタ問】,
1,「なぜ山に登るのか？」と聞かれ、「そこに山があるから」と答えたことで知られる、イギリスの登山家は誰でしょう？,ジョージ・マロリー
2,フランス語で「稲妻」という意味がある、細長いシュークリームにチョコレートをかけた洋菓子は何でしょう？,エクレア
3,「おい地獄さ行（え）ぐんだで！」という書き出しで始まる、小林多喜二のプロレタリア文学は何でしょう？,『蟹工船』
4,本名をチャールズ・ラトウィッジ・ドジソンという、代表作に『鏡の国のアリス』『不思議の国のアリス』などがある小説家は誰でしょう？,ルイス・キャロル
5,本名を平井太郎という、代表作に『二銭銅貨』『D坂の殺人事件』がある小説家は誰でしょう？,江戸川乱歩
6,その超絶的な技巧から「ピアノの魔術師」とよばれた、代表曲に『超絶技巧練習曲』『ハンガリー狂詩曲』などがある作曲家は誰でしょう？,フランツ・リスト
7,世界の山で、南極大陸の最高峰はビンソンマシフですが、北極圏の最高峰は何でしょう？,ギュンビョルン
8,1898年、アフリカ縦断政策をとるイギリスとアフリカ横断政策をとるフランスが衝突した事件を、それが起こったスーダンの地名から何というでしょう？,ファショダ事件
9,そのペンネームは父親に「くたばってしまえ」と言われたことに由来する、代表作に言文一致体で書かれた『浮雲』などがある小説家は誰でしょう？,二葉亭四迷（ふたばていしめい）
10,飛行士として働いていた経験もある、代表作に『夜間飛行』や『星の王子さま』があるフランスの小説家は誰でしょう？,サン＝テグジュペリ
11,六歌仙で唯一、小倉百人一首に歌が選ばれていないのは誰でしょう？,大友黒主（おおとものくろぬし）
12,三角形の3辺の長さからその面積を求める公式を、これを考案した古代ギリシャの数学者の名前から何というでしょう？,ヘロンの公式
13,6、28、496などがこれにあたる、自身を除いた約数の総和がその数自身になる数のことを特に何というでしょう？,完全数
14,「雪は天から送られた手紙」という言葉を残した、人工雪の製作に世界で初めて成功したことで知られる日本の物理学者は誰でしょう？,中谷宇吉郎
15,2人で話すことを対談といいますが、3人で話すことを何というでしょう？,鼎談（ていだん）
16,リヒテンシュタインとウズベキスタンがこれに当たる、内陸国に囲まれた国を何というでしょう？,二重内陸国
17,マフラーやショールなどについている、毛糸やひもを束ねた房飾りのことを何というでしょう？,フリンジ
18,副題を「二幕からなる喜悲劇」という、木が1本生えている田舎道でウラジミールとエストラゴンがある人物を待ち続けるという内容の、サミュエル・ベケットの戯曲は何でしょう？,『ゴドーを待ちながら』
19,ガットスン・ボーグラムが彫った4人の大統領の胸像があることで知られる、アメリカのサウスダコタ州にある山は何でしょう？,ラシュモア山
20,目覚まし時計において、一旦アラームを止めてもしばらくすると再び鳴り出す機能を、「居眠り」という意味の英語で何というでしょう？,スヌーズ
21,火星が持つ2つの衛星とは、何と何でしょう？,フォボスとダイモス
22,「HR図」とも略される、縦軸に絶対等級、横軸にスペクトル型をとって恒星を分類した図のことを何というでしょう？,ヘルツシュプルング・ラッセル図
23,コンセントとプラグの間にホコリがたまり、それが湿気を帯びることで発火する現象を何というでしょう？,トラッキング現象
24,発見したクロアチアの地震学者の名前がつけられた、地殻とマントルの間に位置する境界面を何というでしょう？,モホロビチッチ不連続面
25,現在のフィウミチーノ川にあたるとされる、カエサルが「賽は投げられた」といってこの川を渡ったことで知られるイタリアの川は何でしょう？,ルビコン川
26,本名をレオナルド・ダ・ピサという、1、1、2、3、５と続く「数列」に名を残す数学者は誰でしょう？,レオナルド・フィボナッチ
27,ダンテの『神曲』に対して『人曲(じんきょく)』と称される、ペストから逃れた男女が10日間に渡り一人ずつ話をしていくという、ジョバンニ・ボッカッチョの小説は何でしょう？,『デカメロン』
28,そのCDの売り上げはオリコン歴代1位である、子門真人(しもん・まさと)の童謡は何でしょう？,『およげ！たいやきくん』
29,「ガリレオ衛星」と呼ばれる木星の4つの衛星とは、イオ、エウロパ、ガニメデと何でしょう？,カリスト
30,耳が聞こえなくなっていく悲しみや苦悩が綴られている、ベートーベンが甥のカールと弟のヨハンにあてて書いた遺書のことを何というでしょう？,ハイリゲンシュタットの遺書
31,南アメリカ大陸にある国の中で、唯一英語を公用語にしている国はガイアナですが、唯一オランダ語を公用語にしている国はどこでしょう？,スリナム
32,その中で初めてエルキュー ル・ポアロが登場した、1920年に発表されたアガサ・クリスティのデビュー作は何でしょう？,『スタイルズ荘の怪事件』
33,茶道の三千家といえば、表千家、裏千家と何でしょう？,武者小路千家
34,提唱したエリザベス1世の財務顧問の名前がつけられた、「悪貨は良貨を駆逐する」という法則は何でしょう？,グレシャムの法則
35,世界で最も狭い海峡は土渕(どふち)海峡ですが、世界で最も広い海峡はどこでしょう？,ドレーク海峡
36,囲碁や将棋などで、終局後に対局を再現し、手の善悪などを振り返ることを何というでしょう？,感想戦
37,もともとはクリケットの用語であった、サッカーで1試合中に3得点以上入れることを何というでしょう？,ハットトリック
38,「先生と私」「両親と私」「先生と遺書」の3部からなる、夏目漱石の小説は何でしょう？,『こころ』
39,その作品はドイチュ番号で整理される、代表作に『美しき水車小屋の娘』や『魔王』などがあるオーストリアの作曲家は誰でしょう？,フランツ・シューベルト
40,白金を触媒とし、アンモニアを酸化させることにより硝酸を製造する方法を、考案したドイツの化学者の名から何というでしょう？,オストワルト法
41,食べ物やろうそくなどのように、演劇の小道具の中でも１回しか使えないものを何というでしょう？,消え物
42,「あさぼらけ」「きみがため」「わたのはら」の3組がこれにあたる、競技かるたにおいて決まり字が6文字であるものを何というでしょう？,大山札
43,中にジャムやソースが入っており、中央を折ることで中身を絞り出すことができる包装容器のことを何というでしょう？,ディスペンパック
44,発見者の名前から「ローゼンタール効果」とも呼ばれる、教師に期待されると成績が上がる効果を、「ゴーレム効果」に対して何というでしょう？,ピグマリオン効果
45,「医者は探りを入れた後で、手術台の上から津田を下した。」という書き出しで始まる、夏目漱石の遺作となった小説は何でしょう？,『明暗』
46,フランス語で「新しい橋」という意味がある、パリのセーヌ川に架かる、パリに現存する最古の橋は何でしょう？,ポン・ヌフ
47,ラテン語で「第六の時」という意味がある、スペインなどで昼食後に取られる昼寝を何というでしょう？,シエスタ
48,六歌仙で唯一の女性であり、小倉百人一首の第9首「花の色は移りにけりないたづらにわが身世にふるながめせしまに」の作者としても有名な平安時代の女流歌人は誰でしょう？,小野小町
49,「世界三大生ハム」といえば、中国の金華ハム、イタリアのプロシュートとスペインの何でしょう？,ハモン・セラーノ
50,ドイツの小学校教師リヒャルト・シルマンが考案した、青少年が安全で経済的に旅行をするための宿泊施設は何でしょう？,ユースホステル
51,この日に家を建てると火災が起きて隣3軒まで焼き尽くすという、凶日の一つは何でしょう？,三隣亡
52,胃の、入り口のことを噴門といいますが、出口のことを何というでしょう？,幽門
53,日本に生息する２種類のヤマネコとは、イリオモテヤマネコと何でしょう？,ツシマヤマネコ
54,「科学に国境はないが、科学者には祖国がある。」という名言も有名な、自然発生説の完全否定に成功したフランスの科学者は誰でしょう？,ルイ・パスツール
55,ピーマンでは0、ハバネロでは10万〜35万程度である、トウガラシなどの辛さの単位は何でしょう？,スコヴィル値
56,チェスのゲームで一度だけ行うことができる、キングとルークを同時に動かす特殊な手は何でしょう？,キャスリング
57,狂言の修行の過程を表す「猿に始まり狐に終わる」という言葉で、猿は『靭猿（うつぼざる）』を表しますが、狐は何を表すでしょう？,『釣狐』
58,日本語では「座金」という、ボルトとナットの間に入れられるドーナツ状の金属の部品は何でしょう？,ワッシャー
59,禁止されていたのは目潰しと噛みつきのみであったとされる、古代ギリシャのオリンピックで行われていた格闘技は何でしょう？,パンクラチオン
60,「役人の数は、仕事量に関わりなく一定の割合で増加する」という法則のことを、提唱したイギリスの政治学者の名から何というでしょう？,パーキンソンの法則
61,摂氏温度×0.8で算出される、「列氏温度」とも呼ばれる温度の単位は何でしょう？,レオミュール度
62,「デマを流す」などという時の「デマ」とは何という言葉の略でしょう？,デマゴギー
63,マーチングバンドにおいて、行進の先頭を歩き、バトンを上下させて曲のリズムを示す指揮者を何というでしょう？,ドラムメジャー
64,ボクシングのリングにおいて、赤コーナーでも青コーナーでもないコーナーを何というでしょう？,ニュートラルコーナー
65,日本国憲法第25条で保障されている、健康で文化的な最低限度の生活を営む権利のことを何というでしょう？,生存権
66,チェスの初期配置では四隅に置かれている、将棋の飛車と同じ動きをするチェスの駒は何でしょう？,ルーク
67,ミレトス学派の祖としても知られ、万物の根源は水であると説いた、古代ギリシャの哲学者は誰でしょう？,タレス
68,赤に対する青緑のように、色相環で相対し、混ぜると無彩色になる色を何というでしょう？,補色
69,「メモを取る」などという時の「メモ」とは何という言葉の略でしょう？,メモランダム
70,α細胞ではグルカゴン、β細胞ではインスリンを分泌する、膵臓の中の器官は何でしょう？,ランゲルハンス島
71,セスタというグローブを使ってペロタというボールを壁に打ち付ける、バスク語で「楽しい祭り」という意味があるスポーツは何でしょう？,ハイアライ
72,ドイツの地質学者・ナウマンが命名した、ラテン語で「大きな溝」という意味がある、本州の中央を南北に走る地質構造帯は何でしょう？,フォッサマグナ
73,主役級以外の役者がこれより前に出ないように、舞台上に引かれる線のことを何というでしょう？,コーラスライン
74,アップ、ダウン、トップ、ボトム、チャーム、ストレンジの6種類がある素粒子のグループの一つは何でしょう？,クォーク
75,「神聖ローマ帝国の死亡証明書」とも呼ばれる、1648年に締結された三十年戦争の講和条約は何でしょう？,ウェストファリア条約
76,名誉毀損罪や器物損壊罪がこれにあたる、公訴をするために告訴を必要とする犯罪のことを何というでしょう？,親告罪
77,一般に「日本三名園」といえば、水戸の偕楽園、金沢の兼六園と、岡山の何でしょう？,後楽園
78,ユーラシア大陸最北端の岬はチェリュスキン岬ですが、最南端の岬は何でしょう？,ピアイ岬(タンジュン・ピアイ)
79,「ここに地終わり海始まる」と書かれた石碑が立てられている、ユーラシア大陸最西端の岬は何でしょう？,ロカ岬
80,化学式C3H5N3O9で表される、アスカニオ・ソブレロが初めて合成した、ダイナマイトの爆薬として用いられる物質は何でしょう？,ニトログリセリン
81,正式名称を「特に水鳥の生息地として国際的に重要な湿地に関する条約」という条約を、締結されたイランの都市から何というでしょう？,ラムサール条約
82,フランス語で「新しい波」という意味がある、1950年代後半のフランスで始まった、新しい映画の傾向を何というでしょう？,ヌーベル・バーグ
83,4人の走者がそれぞれ100m、200m、300m、400mを走る、陸上のリレー競技の一種は何でしょう？,スウェーデンリレー
84,ツール・ド・フランスにおいて、個人総合戦績1位の選手に贈られる黄色のリーダージャージを何というでしょう？,マイヨジョーヌ
85,成人男性は40~50%、成人女性は35~45%が正常値とされる、血液中の血球の体積の割合を示す数値は何でしょう？,ヘマトクリット値
86,原子番号1番は水素、10番はネオンですが、100番は何でしょう？,フェルミウム
87,直線上を回転する円の円周上の定点が描く軌跡のことを何というでしょう？,サイクロイド
88,その融点は約3400度と金属の中で最も高いことから、おもにフィラメントに用いられる、原子番号74、元素記号Wで表される元素は何でしょう？,タングステン
89,デルタ航空、エールフランス、大韓航空などが加盟している、航空企業連合の1つは何でしょう？,スカイチーム
90,ギリシャ語で「すべての陸地」という意味がある、約2億年前まで存在したとされる超大陸は何でしょう？,パンゲア
91,チグリス川とユーフラテス川が合流してイランとイラクの国境地帯を流れペルシャ湾に注ぐ川は何でしょう？,シャトルアラブ川
92,黒、柿色、萌黄色の3色の縦じま模様が特徴的な、主に歌舞伎の舞台に用いられる幕は何でしょう？,定式幕（じょうしきまく）
93,「まっすぐな道でさみしい」「うしろすがたのしぐれてゆくか」「分け入っても分け入っても青い山」などの自由律俳句を残した、日本の俳人は誰でしょう？,種田山頭火
94,幅1.5m～2m、長さ14mと取り決められている、フェンシングにおける競技場のことを何というでしょう？,ピスト
95,アメリカの犯罪学者ジョージ・ケリングが提唱した、軽微な犯罪を徹底的に取り締まることで、重大な犯罪を抑止することができるという理論を何というでしょう？,割れ窓理論
96,フランシス・ベーコンが提唱した4つのイドラとは、劇場のイドラ、市場のイドラ、種族のイドラと何でしょう？,洞窟のイドラ
97,劇場において、舞台と客席の間に設けられたオーケストラ用の演奏場所を何というでしょう？,オーケストラピット
98,臓器移植において、臓器を提供する人をドナーといいますが、臓器提供を受ける人のことを何というでしょう？,レシピエント
99,兄ウィルバー、弟オービルからなる、世界で初めて飛行機を発明した兄弟は「何兄弟」でしょう？,ライト兄弟
100,1077年、神聖ローマ皇帝ハインリヒ4世が教皇グレゴリウス7世に屈服し、罷免を得た事件を、それが行われた場所から何というでしょう？,カノッサの屈辱
101,最高地点は標高1493メートルのフェルトベルク山である、ドイツ語で「黒い森」という意味がある山地は何でしょう？,シュバルツバルト
102,本名を橋岡まり子という、代表作に『OUT』や『柔らかな頬』があり、現在(2023年)は日本ペンクラブ会長を務めている小説家は誰でしょう？,桐野夏生(きりの・なつお)
103,日本語では「文民統制」という、日本国憲法第66条で定められている、文民が軍隊の最高指揮権を持つことを何というでしょう？,シビリアンコントロール
104,空が青く見えるのはこれが原因である、光が空気中を進むときに波長よりも小さい微粒子によって光が散乱する現象を何というでしょう？,レイリー散乱
105,本名を津島修治という、代表作に『桜桃』『斜陽』『人間失格』などがある日本の小説家は誰でしょう？,太宰治
106,「レム睡眠」や「ノンレム睡眠」などという時の「レム」とは、何という言葉の頭文字をとったものでしょう？,ラピッド・アイ・ムーブメント【rapid eye movement】
107,「世界三大劇場」といえば、パリのオペラ座、ミラノのスカラ座と、ブエノスアイレスの何でしょう？,コロン劇場
108,恋愛小説を書く時にはメアリ・ウェストマコットというペンネームを使っていた、代表作に『そして誰もいなくなった』『オリエント急行の殺人』などがあるのは誰でしょう？,アガサ・クリスティー
109,ベトナム語で「長い服」という意味がある、クワンというロングパンツと組み合わせて着られる、ベトナムの女性用民族衣装を何というでしょう？,アオザイ
110,化学式C8H7N3O2で表される、血液と反応して発光するため科学捜査などに用いられる試薬は何でしょう？,ルミノール
111,ストロンボリ式、ブルカノ式、ハワイ式などの種類がある、火山からマグマや火山灰が吹き出す火山活動の一種は何でしょう？,噴火
112,ロシア語の「自分で」と「沸かす」を合わせた造語である、ロシアで主に用いられる卓上湯沸かし器は何でしょう？,サモワール
113,西洋庭園でよく見られる、動物や幾何学模様の形に樹木を刈り込んだ造形物は何でしょう？,トピアリー
114,死者の生前の行動を映し出すとされる、地獄の閻魔大王が持っている鏡は何でしょう？,浄玻璃(じょうはり)の鏡
115,スペインの画家オスカー・ドミンゲスが創始した、ガラスなどの上に絵の具を塗り、その上から紙を押し当てて模様を写し取る方法を何というでしょう？,デカルコマニー
116,ロシア語で「立て直し」という意味がある、1985年からゴルバチョフによって推し進められた、ソビエト連邦の改革運動は何でしょう？,ペレストロイカ
117,「ラインの黄金」から「ラグナロク」までの四部からなる、バイロイト祝祭劇場で初演されたワーグナーの楽劇は何でしょう？,『ニーベルングの指環』
118,フランス語で「選別する」という意味がある、災害時に負傷者の傷の程度を判断し、治療の優先順位を決めることを何というでしょう？,トリアージ
119,ギリシャ語で、隠喩はメタファーといいますが、直喩は何というでしょう？,シミリー
120,「世界三大ブルーチーズ」といえば、イタリアのゴルゴンゾーラ、フランスのロックフォールとイギリスの何でしょう？,スティルトン
121,2進数で表すとレピュニットとなる、素数の中でも、特に2のべき乗から1を引いた形で表される素数のことを何というでしょう？,メルセンヌ素数
122,発見したアメリカの探検家の名前がつけられた、ベネズエラのカナイマ国立公園内に位置する、世界一の落差を持つ滝は何でしょう？,エンジェル・フォール
123,スイスの精神科医の名前が付けられた、左右対称なインクの染みを見せることで、被験者の人格を診断するテストは何でしょう？,ロールシャッハテスト
124,スペイン語で「征服者」という意味がある、16世紀ごろに中南米を征服したスペイン人を総称して何というでしょう？,コンキスタドール
125,『小人』から『キエフの大門』までの全10曲からなる、作者の友人ビクトル・ハルトマンの死を悼んで作られたムソルグスキーの組曲は何でしょう？,『展覧会の絵』
126,この値が大きいほど生活水準は低いとされる、家計に占める食費の割合を表した数値を何というでしょう？,エンゲル係数
127,中央気象台の第5代台長を務めた、2つの熱帯低気圧が近づいた際の相互効果に名前を残す、日本の気象学者は誰でしょう？,藤原咲平
128,テレビ番組において、VTRを見ている出演者を映す際などに使われる小窓のことを何というでしょう？,ワイプ
129,毛沢東やマリリン・モンローの顔を並べた作品を残し、「ポップアートの父」とも呼ばれる芸術家は誰でしょう？,アンディ・ウォーホル
130,リグ、サーマ、ヤジュル、アタルバという4つの種類がある、サンスクリットで「知識」という意味の言葉に由来するバラモン教の根本聖典は何でしょう？,ヴェーダ
131,初代台長をジョン・フラムスティードが務めた、かつて本初子午線の基準となっていた、ロンドンにある天文台は何でしょう？,グリニッジ天文台
132,同温、同圧、同体積のすべての気体に含まれる分子の数は同じであるという法則を、提唱したイタリアの化学者の名から何というでしょう？,アボガドロの法則
133,国家公務員の給料を100とし、地方公務員の給与水準を示した指数のことを何というでしょう？,ラスパイレス指数
134,グランドピアノに存在する3つのペダルとは、ダンパーペダル、シフトペダルと何でしょう？,ソステヌートペダル
135,フランス語で「新しい芸術」という意味がある、植物や昆虫などのモチーフが特徴的な芸術様式を何というでしょう？,アール・ヌーヴォー
136,鶏の腹に雪を詰めて冷凍の実験をしていた際に命を落とした、著書『ノヴム・オルガヌム』の中で４つのイドラを提唱した、イギリスの哲学者は誰でしょう？,フランシス・ベーコン
137,濃塩酸と濃硝酸を3対1の割合で混ぜた、金や白金などを溶かすことができる液体は何でしょう？,王水
138,別名を「下北砂丘」という、青森県の下北半島に位置する日本最大の砂丘は何でしょう？,猿ヶ森砂丘
139,あかい、丸い、大きい、うまいの頭文字をとって命名された、正式名称を「福岡S6号」という、福岡県のいちごの品種は何でしょう？,あまおう
140,国後島にある空港に名を残す、元素の分類について述べた著書『化学の原理』や、周期表を作成したことで知られるロシアの化学者は誰でしょう？,ドミトリ・メンデレーエフ
141,東京帝国大学の田原良純によって初めて単離された、フグの卵巣に含まれている猛毒成分は何でしょう？,テトロドトキシン
142,その中の一節「目には目を、歯には歯を」でも知られる、紀元前18世紀頃に作られた法典は何でしょう？,ハンムラビ法典
143,ギリシア神話の登場人物で、泉に映った自分の姿に見惚れ、スイセンとなって死んでしまったことから、「ナルシシズム」や「ナルシスト」の語源となったのは誰でしょう？,ナルキッソス
144,太陽面のフレアによって地球の電離層が異常電離を起こし、電波が吸収され短波の無線通信が妨げられる現象を、発見したアメリカの物理学者から何というでしょう？,デリンジャー現象
145,悪玉レスラーをルード、善玉レスラーをテクニコという、スペイン語で「自由な戦い」という意味がある、メキシコ式プロレスは何でしょう？,ルチャリブレ
146,政府、社会奉仕、社会指導などの6部門からなる「アジアのノーベル賞」とも呼ばれる賞は何でしょう？,マグサイサイ賞
147,法隆寺やパルテノン神殿の柱に見られる、円柱の下部から上部にかけて徐々に細くする建築方法を何というでしょう？,エンタシス
148,「日本四大奇書」といえば、夢野久作の『ドグラマグラ』、小栗虫太郎の『黒死館殺人事件』、中井英夫の『虚無への供物』と、竹本健治の何でしょう？,『匣(はこ)の中の失楽』
149,この数を素数と間違えた有名な数学者から「グロタンディーク素数」と呼ばれる数はいくつでしょう？,57
150,競歩のルールで、ひざを曲げて接地する反則を何というでしょう？,ベントニー
151,現存する日本の国立公園の中で、その名前にひらがなが含まれる2つとは、阿蘇くじゅう国立公園と何でしょう？,やんばる国立公園
152,シンガポールの４つの公用語とは、マレー語、中国語、英語と何でしょう？,タミル語
153,ナポレオン1世、フランツ2世、アレクサンドル1世が参戦したことから「三帝会戦」とも呼ばれる、1805年にフランス軍がオーストリア・ロシア連合軍を破った戦いは何でしょう？,アウステルリッツの戦い
154,1929年にはノーベル文学賞を受賞している、代表作に『ベニスに死す』や『魔の山』があるドイツの作家は誰でしょう？,トマス・マン
155,第一回三頭政治を行った3人の政治家とは、カエサル、ポンペイウスと誰でしょう？,クラッスス
156,「電磁誘導で発生する電流は、磁界の変化を妨げる方向に流れる」という法則を、発見したエストニアの物理学者から「何の法則」というでしょう？,レンツの法則
157,「飛んでいる矢は止まっている」「アキレスと亀」などのパラドックスで知られる、エレア学派の哲学者は誰でしょう？,ゼノン
158,かつて小さな花を飾るのに用いられていたためその名がつけられた、スーツなどの下襟に開いている穴を何というでしょう？,フラワーホール
159,化学反応に伴う反応熱は、その反応の始めと終わりの状態だけで決まり、その途中の道筋によらないという法則を何というでしょう？,ヘスの法則
160,フェンシングの種目であるエペ、フルーレ、サーブルのうち、攻撃権が生じず突きのみが有効で、全身が有効面となるのは何でしょう？,エペ
161,アフリカーンス語で「竜の山々」という意味がある、南アフリカ東部に位置する山脈は何でしょう？,ドラケンスバーグ山脈
162,パティシエの中でも、特に飴細工やジャム、砂糖菓子を扱う人を何というでしょう？,コンフィズール
163,「世界三大貴腐ワイン」とは、ハンガリーのトカイ、フランスのソーテルヌとドイツの何でしょう？,トロッケンベーレンアウスレーゼ
164,炭酸飲料用ペットボトルの底にある、花びらのような形をした突起のことを何というでしょう？,ペタロイド
165,ミラノや横浜で開催されるものが特に有名な、３年に１度開かれる美術展覧会を何というでしょう？,トリエンナーレ
166,その著書『歴史』の中で、「エジプトはナイルの賜物」と評した、「歴史の父」とも称される古代ギリシャの歴史家は誰でしょう？,ヘロドトス
167,その名は「リピーテッド・ユニット」の略である、1、11、111などのように、1を繰り返し並べてできる整数を何というでしょう？,レピュニット
168,ミレニアム懸賞問題のうち唯一解決されている、「単連結な3次元多様体は3次元球面と同相である」という予想を、提唱したフランスの数学者の名から何というでしょう？,ポアンカレ予想
169,「木曾路はすべて山の中である」という書き出しで始まる、主人公・青山半蔵の数奇な人生を描いた島崎藤村の小説は何でしょう？,『夜明け前』
170,ウニの口の部分にある、食べ物をかみ砕く器官のことを、それに関する記述をしたギリシャの哲学者の名から「誰のちょうちん」というでしょう？,アリストテレスのちょうちん
171,1095年、教皇ウルバヌス2世が主催し、聖職売買や聖職者妻帯を禁止した他、十字軍の派遣を呼びかけた公会議は何でしょう？,クレルモン公会議
172,北欧神話で、九つの世界を内包する世界樹とされるトネリコの木は何でしょう？,ユグドラシル
173,オランダ語で「海賊」という意味がある、牛歩戦術などで議会の進行を意図的に妨害することを何というでしょう？,フィリバスター
174,ラテン語で「鍵のかかった」という意味がある、バチカンのシスティーナ礼拝堂で行われる、新しいローマ教皇を選別するための会議は何でしょう？,コンクラーベ
175,屋根などの上に残った木屑を払い落とす行為に由来する、新たに建てられた劇場での初めての催しのことを何というでしょう？,杮(こけら)落とし
176,酸化鉄を主体とした触媒を用い、水素と窒素からアンモニアを生成する方法を、考案した二人の人物から何というでしょう？,ハーバー=ボッシュ法
177,日本の国道で、その総延長が最も長いのは4号線ですが、最も短いのは何でしょう？,174号線
178,カーテンと同じ布を用いるのが一般的な、カーテンを留めるためのバンドを何というでしょう？,タッセル
179,演劇で、昼間の興行をマチネーといいますが、夜間の興行を何というでしょう？,ソワレー
180,岡屋株式会社の登録商標である、ゴルフのスコアを記入する時に使われるプラスチック製の携帯用鉛筆は何でしょう？,ペグシル
181,英語では「fixed window」という、教会のステンドグラスなどのように、開閉することができない窓を何というでしょう？,はめ殺し
182,イギリスのイアン・マクロードが提唱した、経済が不況であるにもかかわらず物価が上昇し続ける現象を何というでしょう？,スタグフレーション
183,日本語では「試錐」などという、地質調査の際によく行われる、地面に細く深い穴を掘ることを何というでしょう？,ボーリング調査
184,アサリやシジミ、サンゴなどのように、地層が堆積した当時の環境を示す化石を何というでしょう？,示相化石
185,パティシエの中でも、特にアイスクリームなどの冷菓を扱う人を何というでしょう？,グラシエ
186,日本の「労働三法」に数えられる3つの法律とは、労働基準法、労働組合法と何でしょう？,労働関係調整法
187,囲炉裏やかまどなどで、火加減の調節ができるように鍋や鎌を吊るす道具のことを何というでしょう？,自在鉤
188,在庫変動に起因する、約40カ月周期の景気循環の波のことを何というでしょう？,キチンの波
189,本名をシャルル・エドゥアール・ジャンヌレという、代表作にサヴォワ邸、国立西洋美術館があり、「近代建築の三大巨匠」の一人に数えられるスイスの建築家は誰でしょう？,ル・コルビュジエ
190,スイスの４つの公用語とは、ドイツ語、フランス語、イタリア語と何でしょう？,ロマンシュ語
191,ドイツ語で、人が住める地域のことをエクメーネといいますが、人が住めない地域のことを何というでしょう？,アネクメーネ
192,カラカウア王によって建てられた、ホノルルにあるアメリカ唯一の宮殿は何でしょう？,イオラニ宮殿
193,攻撃側をレイダー、攻撃を受ける側をアンティという、攻撃側はある言葉を連呼しなければならないインドの国技は何でしょう？,カバディ
194,ケッヘル番号は525番である、ドイツ語で「1つの小さな夜の音楽」という意味がある、モーツァルトの代表曲は何でしょう？,アイネクライネナハトムジーク
195,弓道で矢を入れておく道具を矢筒といいますが、アーチェリーで矢を入れておく道具を何というでしょう？,クイーバー
196,目覚まし時計において、アラームの時間を設定するための小さい針のことを何というでしょう？,目安針
197,フランス語で「千枚の葉」という意味がある、重ねたパイ皮の間にクリームなどを挟んだ洋菓子は何でしょう？,ミルフィーユ
198,始祖鳥やアウストラロピテクスなどはかつてこれであった、生物の進化の過程で化石の存在は予測されるものの、いまだ発見されていないものを何というでしょう？,ミッシングリンク
199,雨上がりなどで濡れた道路を自動車で走行すると、タイヤと路面との間に水が入りハンドルやブレーキが利かなくなる現象を何というでしょう？,ハイドロプレーニング現象
200,和名を「ムラサキウマゴヤシ」という、スプラウトの状態でサラダなどに使用されるマメ科の一年草は何でしょう？,アルファルファ
201,アラビア語で「空白の地域」という意味がある、アラビア半島南部にある砂漠は何でしょう？,ルブアルハリ砂漠
202,日本語では「輪形彷徨(ほうこう)」といわれる、山での吹雪などによって方向感覚を失い、無意識に同心円を描くように彷徨(さまよ)い歩くことを何というでしょう？,リングワンデルング
203,マイケルソン・モーリーの実験で存在が否定された、かつて光を伝える媒体として宇宙を満たしていると考えられていた物質は何でしょう？,エーテル
204,オタマジャクシの尻尾などに代表される、予め遺伝子で決められた自発的な細胞死を何というでしょう？,アポトーシス
205,太陽光のもとでは緑色、白熱光のもとでは赤色に輝く、12月の誕生石にもなっている宝石は何でしょう？,アレキサンドライト
206,スコットランド民謡『オールド・ラング・サイン』を原曲とする、日本ではよく卒業式に歌われる曲は何でしょう？,『蛍の光』
207,酸素とオゾン、黒鉛とダイヤモンドのように、同種の元素からできているが、性質の異なる物質同士のことを何というでしょう？,同素体
208,「三次元代数多様体の極小モデルの存在証明」で日本人で３人目のフィールズ賞受賞者となった数学者は誰でしょう？,森重文（しげふみ）
209,イタリア語で「生クリームを煮たもの」という意味がある、生クリーム、砂糖などをゼラチンで固めた洋菓子は何でしょう？,パンナコッタ
210,チベット語で「五つの偉大な雪の宝庫」という意味がある、エベレスト、K2に次いで世界で3番目に高い山は何でしょう？,カンチェンジュンガ
211,鉄道のレールを枕木に固定するために打たれる釘を、ある動物の名を用いて何というでしょう？,犬釘
212,古ノルド語で「神々の黄昏」という意味がある、北欧神話における終末の日は何でしょう？,ラグナロク
213,これが存在する場合は他殺である可能性が高い、人間が縄で首を絞められたときに、縄を外そうとすることでできるひっかき傷のことを、これに注目した元鑑識課長の名前をとって何というでしょう？,吉川線
214,長さや温度、時間などのように、大きさは持つが向きは持たない数量のことを、「ベクトル」に対して何というでしょう？,スカラー
215,日本語では「画架」という、絵を描く時にキャンパスを乗せる台のことを、「ロバ」という意味のオランダ語で何というでしょう？,イーゼル
216,火を神聖視することから「拝火教」の別名を持つ、アフラ・マズダを主神とする宗教は何でしょう？,ゾロアスター教
217,アフリカ大陸で17もの独立国が誕生したことから「アフリカの年」と呼ばれる年は西暦何年でしょう？,1960年
218,ふすまの下にある溝つきの木材のことを敷居といいますが、ふすまの上にある溝つきの木材のことを何というでしょう？,鴨居
219,シュールレアリスムを代表するベルギーの画家で、代表作に『大家族』『光の帝国』があるのは誰でしょう？,ルネ・マグリット
220,目玉焼きの種類で、片面だけ焼いたものをサニーサイドアップといいますが、両面を焼いたものを何というでしょう？,ターンオーバー
221,「おい木村さん、信さん寄つてお出でよ。」という書き出しで始まる、1895年に発表された樋口一葉の小説は何でしょう？,『にごりえ』
222,アメリカン航空、ブリティッシュエアウェイズ、日本航空などが加盟している、航空企業連合の1つは何でしょう？,ワンワールド
223,日本の文語文法において、唯一下一段活用をする動詞は何でしょう？,蹴る
224,世界にある2つの合衆国とは、アメリカ合衆国とどこでしょう？,メキシコ合衆国
225,イタリア人のジュゼッペ・ドナティによって考案された、イタリア語で「小さなガチョウ」という意味がある楽器は何でしょう？,オカリナ
226,ギリシャ文字、ヒエログリフ、デモティックの3種類の文字が刻まれている、1799年にナポレオンがエジプト遠征の際に発見した石碑は何でしょう？,ロゼッタストーン
227,英語で「三日月」という意味がある、アルミサッシの窓の内側などにつけられる半円形の締め付け金具は何でしょう？,クレセント(錠)
228,例えば「シカゴには何人のピアノ調律師がいるか」などのように、正確な値を得ることが困難な数量を、わずかな情報や数値を元に概算することを何というでしょう？,フェルミ推定
229,動く彫刻のことをモビールといいますが、動かない彫刻のことを何というでしょう？,スタビール
230,同じ種の恒温動物では、高緯度に生息するものほど動物のメラニン色素が少ないという法則を、提唱した科学者の名から何というでしょう？,グロージャーの法則
231,チェコの卓球選手ピーター・コルベルが考案した、ボールに強い横回転をかけたレシーブのことを、ボールがバナナのように曲がることから何というでしょう？,チキータ
232,同じ種の恒温動物では、高緯度に生息するものほど動物の突出部が短いという法則を、提唱した動物学者の名から何というでしょう？,アレンの法則
233,通常は第一バイオリンの主席奏者が務める、指揮者に次いで楽団のまとめ役となる、オーケストラにおける配役は何でしょう？,コンサートマスター
234,読み下すと「倶(とも)に天を戴(いただ)かず」となる、生かしてはおけないと思うほどの深い恨みや怒りを意味する四字熟語は何でしょう？,不俱戴天(ふぐたいてん)
235,ナイアガラの滝を構成する3つの滝とはアメリカ滝、カナダ滝と何でしょう？,ブライダルベール滝
236,元素周期表第11族に属する元素とは、銅、銀、金と何でしょう？,レントゲニウム
237,突然の出来事のことを「青天の霹靂」といいますが、この「霹靂」とは何のことでしょう？,雷
238,英語で「押しつぶす」という意味がある、イギリスの囚人が退屈しのぎに始めたのが起源とされる、四方を壁に囲まれたコートで行うスポーツは何でしょう？,スカッシュ
239,ドストエフスキーとともに19世紀のロシア文学を代表する、代表作に『戦争と平和』や『アンナ・カレーニナ』があるロシアの作家は誰でしょう？,レフ・トルストイ
240,ロシア語で「点」という意味がある、機関銃などを備えたコンクリート製の小型防御地点を何というでしょう？,トーチカ
241,イマヌエル・カントの発表した「三大批判書」といえば、『純粋理性批判』『実践理性批判』と何でしょう？,『判断力批判』
242,かつて魚は眠らないと考えられていたため、眠りを戒めるためにお寺に置いてあるものは何でしょう？,木魚
243,掛軸、見本、前金などがこれに当たる、1文字目を訓読み、2文字目を音読みする二字熟語のことを何というでしょう？,湯桶読み
244,「半導体の集積率は18ヶ月で2倍になる」という経験則を、提唱したアメリカ人の名から何というでしょう？,ムーアの法則
245,以前は歯科治療にも用いられていた、水銀と他の金属との合金を何というでしょう？,アマルガム
246,生涯のある時期における時間の主観的な感じ方は年齢に反比例するという法則を、考案したフランスの心理学者の名前から何というでしょう？,ジャネーの法則
247,自動車レースの長い直線コースの終点でよく見られる、強制的に減速させるためにサーキットに設けられるS字状のクランクを何というでしょう？,シケイン
248,歌舞伎十八番を五十音順に並べたとき、最初に来るのは『外郎売』ですが、最後に来るのは何でしょう？,『矢の根』
249,クリスマス前後に発生することからスペイン語で「神の子」という意味がある、南米のペルー海岸沖で海水温が例年と比べて高くなる現象は何でしょう？,エルニーニョ現象
250,1945年にはノーベル医学生理学賞を受賞した、抗菌性物質のリゾチームや世界初の抗生物質であるペニシリンを発見したイギリスの細菌学者は誰でしょう？,アレクサンダー・フレミング
251,BCS理論の「B」は彼のことを指している、1956年と1972年にノーベル物理学賞を受賞し、唯一ノーベル物理学賞を二度受賞した人物となっているのは誰でしょう？,ジョン・バーディーン
252,人名が元となった言葉をエポニムといいますが、地名が元になった言葉を何というでしょう？,トポニム
253,男装した主人公のレオノーレが夫のフロレスタンを救出するという内容の、ベートーベン唯一のオペラは何でしょう？,『フィデリオ』
254,本名を津禰(つね)という、代表作に『序の舞』がある画家で、1948年に女性として初めて文化勲章を受章したのは誰でしょう？,上村松園(しょうえん)
255,アルジェリアの首都はアルジェですが、ナイジェリアの首都はどこでしょう？,アブジャ
256,サッカードがこの原因である、ふと時計を見た時に、それが一瞬止まっているように見える錯視を何というでしょう？,クロノスタシス
257,エルンスト・シランデルによって創始された、地図とコンパスを用いて指定されたチェックポイントをより早く通過する競技は何でしょう？,オリエンテーリング
258,北米大陸の最高峰はデナリですが、南米大陸の最高峰は何でしょう？,アコンカグア
259,本名をアレッサンドロ・ディ・マリアーノ・フィリペーピという、代表作に『ヴィーナスの誕生』『春』があるルネサンス期イタリアの画家は誰でしょう？,ボッティチェリ
260,地球上で最も高い山はエベレストですが、太陽系で最も高い山は何でしょう？,オリンポス山
261,751年、唐とアッバース朝の間で起こった戦いで、これによりヨーロッパに製紙法がもたらされるきっかけとなったのは何でしょう？,タラス河畔の戦い
262,間口が狭く、奥行きの深い家のことを、ある魚の名前を使って何というでしょう？,うなぎの寝床
263,作者はこの作品により1982年にノーベル文学賞を受賞した、架空の村・マコンドが舞台のガルシア=マルケスの小説は何でしょう?,『百年の孤独』
264,千利休が考案した、茶室にある二尺二寸四方の入り口を何というでしょう？,にじり口
265,コンピューターの周辺機器規格の1つである「USB」とは、何という英語の略でしょう？,Universal Serial Bus
266,その中で初めて「アンドロイド」という言葉が使われた、オーギュスト・ヴィリエ・ド・リラダンの代表作は何でしょう？,『未来のイヴ』
267,西インド諸島を構成する3つの諸島とは、大アンティル諸島、小アンティル諸島と何でしょう？,バハマ諸島
268,フランス語で「目をだます」という意味がある、シュールレアリスムなどに用いられた絵画の手法は何でしょう？,トロンプルイユ
269,本名をヤン・ファン・デル・メール・ファン・デルフトという、『デルフトの眺望』『真珠の耳飾りの少女』などの作品で知られる画家は誰でしょう？,フェルメール
270,最高級のものは「ピジョンブラッド」と呼ばれる、7月の誕生石といえば何でしょう？,ルビー
271,アルコール度数の高い酒を飲んだ後に、口直しに飲む水のことを、「追いかける者」という意味の英語で何というでしょう？,チェイサー
272,ノルマルム広場強盗事件の起こった地名に由来する、誘拐事件や監禁事件の被害者が犯人にたいして好意を抱くことを、リマ症候群に対して何というでしょう？,ストックホルム症候群
273,元々は「一本のろうそく」という意味であったが、現在では「持っている服の中で一番上等なもの」という意味で使われる言葉は何でしょう？,一張羅
274,最期は茅ヶ岳の登山中に急死した、著書に『日本百名山』がある小説家・登山家は誰でしょう？,深田久弥
275,起点か終点のいずれかに乗換路線がなく一本道となっている鉄道路線のことを、ある体の器官の名前を使って何というでしょう？,盲腸線
276,「べートーベンの三大ピアノソナタ」といえば、8番の『悲愴』、14番の『月光』と、23番の何でしょう？,『熱情』
277,あまりにも議事が進行しなかったことから「会議は踊る、されど進まず」と評された、メッテルニヒがシェーンブルン宮殿で催した会議は何でしょう？,ウィーン会議
278,マックス・ウェーバーが提唱した支配の3形態とは、合法的支配、伝統的支配と何でしょう？,カリスマ的支配
279,アンティグアバーブーダを構成する3つの島とは、アンティグア島、バーブーダ島と何でしょう？,レドンダ島
280,スペイン語で「釜」という意味がある、火山活動によってできる大きな窪地を何というでしょう？,カルデラ
281,三角形の外心、重心、垂心を通る直線のことを、発見した数学者の名から何というでしょう？,オイラー線
282,シングルスではアウト、ダブルスではインとなる、テニスコートの両端にある細長いエリアのことを、「小道」という意味の言葉で何というでしょう？,アレー
283,原図を縮小、拡大するのに使う道具と、電車で屋根につけられた架線から電気を取り入れる装置に共通する名前は何でしょう？,パンタグラフ
284,古代ギリシャの彫刻や日本の飛鳥時代の仏像に見られる、口元に微笑を浮かべた表情のことを何というでしょう？,アルカイック・スマイル
285,「笑う哲学者」と称されたデモクリトスに対し「泣く哲学者」と称された、万物の根源を火と考えた、ギリシアの哲学者は誰でしょう？,ヘラクレイトス
286,モンゴル語では「モリン・ホール」という、モンゴル民話『スーホの白い馬』に登場することでも知られるモンゴルの弦楽器は何でしょう？,馬頭琴
287,化学式C18H27NO3で表される、唐辛子に含まれる辛味成分は何でしょう？,カプサイシン
288,特に第7曲の『トロイメライ』が有名である、ロベルト・シューマン作曲のピアノ曲は何でしょう？,『子供の情景』
289,アイスクリームやポテトサラダを半球状に盛り付けるときに用いられる器具を何というでしょう？,ディッシャー
290,大林宣彦監督の「尾道三部作」といえば、『転校生』『時をかける少女』と何でしょう？,『さびしんぼう』
291,これを打った選手は手を上げてお詫びをするのがマナーである、卓球において、台の端をかすめるようなボールを何というでしょう？,エッジボール
292,ネクタイを締める時に出来るくぼみのこと、ゴルフボールにあるくぼみに共通する、英語で「えくぼ」を意味する言葉は何でしょう？,ディンプル
293,創始者である小野義眞、岩崎弥之助、井上勝の3人の名前から名付けられた、岩手県にある日本最大の民間総合農場は何でしょう？,小岩井農場
294,光源氏の死を象徴しているといわれる、『源氏物語』において唯一巻名だけで本文がない巻は何でしょう？,雲隠（くもがくれ）
295,パティシエの中でも、特にチョコレートを扱う人を何というでしょう？,ショコラティエ
296,化学実験の準備の際に行われる、実験器具を実験に使う溶液ですすいでおくことを何というでしょう？,共洗い
297,レオナル・ド・ダヴィンチの『最後の晩餐』が所蔵されている、イタリアのミラノにある教会は何でしょう？,サンタ・マリア・デッレ・グラツィエ教会
298,水素を発見したのはヘンリー・キャベンディッシュ、重水素を発見したのはハロルド・ユーリーですが、三重水素を発見したのは誰でしょう？,マーク・オリファント
299,バスケットボールにおいて、空中でパスをキャッチしそのまま空中でシュートをするプレーを何というでしょうでしょう？,アリウープ
300,エレベーターの階数表示で、屋上を表すRはルーフ（roof）の略ですが、地下を表すBは何の略でしょう？,ベースメント【basement】
301,山号を栂尾(とがのお)山という、日本最古の漫画と呼ばれる国宝『鳥獣人物戯画』を所有している寺はどこでしょう？,高山寺(こうざんじ)
302,カメラのブレを防ぐために、遠隔からシャッターを切れる装置を何というでしょう？,レリーズ
303,特にイスラエル・パレスチナの外で暮らすユダヤ人集団を指すことが多い、元の居住地を離れて暮らす国民や民族の集団を何というでしょう？,ディアスポラ
304,イギリスの心理学者コリン・チェリーが提唱した、多人数が談笑している会場でも自分の聞きたい人の声だけは聴きとることができるという現象を何というでしょう？,カクテルパーティー効果
305,雲が白く見えるのはこれが原因である、光が空気中を進むときに波長と同程度の微粒子によって光が散乱する現象を何というでしょう？,ミー散乱
306,臓器移植の中でも、移植を受けた患者から摘出した臓器を他の患者に移植することを何というでしょう？,ドミノ移植
307,ナポレオンが生まれた島はコルシカ島ですが、亡くなった島はどこでしょう？,セントヘレナ島
308,「ゼータ関数の非自明な零点の実部は1/2である」という予想を、提唱した数学者の名から何というでしょう？,リーマン予想
309,世界に生息するワニの種類を大きく3つに分けると、アリゲーター科、クロコダイル科とあと一つは何でしょう？,ガビアル科
310,これを達成すると得点は200点になる、ボウリングでストライクとスペアを交互に取ることを何というでしょう？,ダッチマン
311,演劇の通し稽古を指す「ゲネプロ」とは何という言葉の略でしょう？,ゲネラルプローベ
312,「足踏み」から「残心」までの８つからなる、弓道において矢を射る際の八つの基本動作を何というでしょう？,射法八節
313,スピーカーから出た音をマイクが再び拾ってしまい「キーン」といった音が出てしまう現象を何というでしょう？,ハウリング
314,流体中で静止している物体は、それが押しのけた流体の重さと同じ大きさの浮力を受ける、という法則を、発見したギリシャの数学者の名前から何というでしょう？,アルキメデスの原理
315,自身の作品とともにかつてのフランスの100フラン紙幣に描かれていた、代表作に『キオス島の虐殺』『民衆を導く自由の女神』がある同国の画家は誰でしょう？,ウジェーヌ・ドラクロワ
316,あることを強く禁止されると、かえってその行為への欲求や関心が高まる現象を、この現象が起こった映画のタイトルを用いて何というでしょう？,カリギュラ効果
317,テランというコートでビュットという目標にブールというボールを投げて近づける、南フランスのプロバンス地方発祥のスポーツは何でしょう？,ペタンク
318,試合が終われば味方も敵もないということから、ラグビーの試合終了の合図を何というでしょう？,ノーサイド
319,『トスカ』『ラ・ボエーム』とともに「プッチーニの三大オペラ」に数えられる、長崎を舞台に、アメリカ海軍士官ピンカートンと結婚した芸者の悲劇を描いたオペラは何でしょう？,『蝶々夫人』
320,ひらがなでは「む」や「を」で起きやすいとされている、特定の文字を断続的に見続けることで図形のように見えてくる現象を何というでしょう？,ゲシュタルト崩壊
321,王室批判と政府転覆以外の話題であればだれでも自由に演説することができる、ハイドパーク内にある区域は何でしょう？,スピーカーズコーナー
322,宝塚歌劇団に存在する５つの組とは、花組、月組、雪組、星組と何でしょう？,宙組
323,「サッチモ」の愛称でも知られる、『ヒービー･ジービーズ』を吹き込んだ際にスキャットを考案したアメリカのジャズ奏者は誰でしょう？,ルイ・アームストロング
324,悪天候の時、船のマストの先端が発光する現象を、船乗りの守護聖人の名前から何というでしょう？,セントエルモの火
325,「圧巻」や「破天荒」などの故事成語の由来となった、中国で隋の時代から約1300年間行われていた、官吏登用のための資格試験を何というでしょう？,科挙
326,世界の国で、ブダペストを首都とするのはハンガリーですが、ブカレストを首都とする国はどこでしょう？,ルーマニア
327,化学式C8H10N4O2で表される、お茶やコーヒーなどに含まれるアルカロイドの一種は何でしょう？,カフェイン
328,淡路島にある3つの市とは、淡路市、南あわじ市と何でしょう？,洲本（すもと）市
329,チュッパチャップスのロゴをデザインしたことでも知られる、代表作に『茹でた隠元豆のある柔らかい構造』『記憶の固執』がある、スペインのシュールレアリスム画家は誰でしょう？,サルバドール・ダリ
330,記号Dで表され、焦点距離の逆数で求められる、レンズの度数などを表すのに使われる数値は何でしょう？,ディオプトリー
331,約20年周期で起こる、建築需要を原因とする景気変動のことを、発表した経済学者の名前から何というでしょう？,クズネッツの波
332,ドイツの物理学者、ルドルフ・クラウジウスが導入した、統計力学などでの乱雑さを表す指標は何でしょう？,エントロピー
333,ペルーのマチュピチュやタンザニアのンゴロンゴロ保全地域などのように、ユネスコが登録する世界遺産のうち文化遺産と自然遺産の両方の性質をもつものを何というでしょう？,複合遺産
334,3wayスピーカーにおいて、高音域を担当するスピーカーはツイーター、低音域を担当するのはウーファーですが、中音域を担当するのは何でしょう？,スコーカー
335,732年、ウマイヤ朝のイスラーム勢力をカール＝マルテル率いるフランク王国軍が撃退した戦いを何というでしょう？,トゥール・ポワティエ間の戦い
336,正式には「自然哲学の数学的諸原理」という、アイザック・ニュートンの著書は何でしょう？,『プリンキピア』
337,サントヴィクトワール山をよく描いた、自然を幾何学的に捉えた表現を用い、「近代絵画の父」と呼ばれるフランスの画家は誰でしょう？,ポール・セザンヌ
338,本名をサミュエル・ラングホーン・クレメンズという、代表作に『不思議な少年』『王子と乞食』『トムソーヤの冒険』などがあるアメリカの作家は誰でしょう？,マーク・トウェイン
339,ギリシャ語で「火星に対抗するもの」という意味がある、さそり座のα星は何でしょう？,アンタレス
340,「オールドフェイスフル」という間欠泉があり、世界初の国立公園としても知られる、アメリカのワイオミング州に位置する公園は何でしょう？,イエローストーン国立公園
341,ブラジルへの移民を描いた『蒼氓（そうぼう）』で第一回芥川賞を受賞した日本の作家は誰でしょう？,石川達三
342,特徴的なデザインから「和の大家」と称された、石の美術館、サントリー美術館、新国立競技場などを設計した日本の建築家は誰でしょう？,隈研吾(くま・けんご)
343,水引の蝶結びと結び切りのうち、結婚祝いや弔事など繰り返してほしくないことに対して使用するのはどちらでしょう？,結び切り
344,その中で初めて「ロボット」という言葉が使われた、チェコの作家カレル・チャペックの小説は何でしょう？,『R.U.R(エルウーエル)』
345,『プーさんの鼻』『オレがマリオ』『サラダ記念日』などの詩集で知られる、日本の詩人は誰でしょう？,俵万智
346,沖縄県糸満市と那覇市を結んでいる、その番号が最も大きいことで知られる国道は何でしょう？,507号線
347,彼の命日である2月12日は「菜の花忌」と呼ばれる、代表作に『坂の上の雲』や『竜馬がゆく』などがある日本の小説家は誰でしょう？,司馬遼太郎
348,デザインを藤田麻衣子が、ルールを北尾まどかが考案した、らいおん、きりん、ぞう、ひよこの４つの駒を動かして遊ぶ、将棋に似たゲームは何でしょう？,どうぶつしょうぎ
349,差が2である素数を双子素数、4である素数をいとこ素数といいますが、差が6である素数を何というでしょう？,セクシー素数
350,歌舞伎十八番の中で、題名が漢字一文字である2つとは、『暫(しばらく)』と何でしょう？,『嫐(うわなり)』
351,エーリッヒ・ケストナーの小説『ふたりのロッテ』で、双子であることを知る姉妹とは、ロッテと誰でしょう？,ルイーゼ
352,代表作に『2001年宇宙の旅』『宇宙のランデブー』などがある、ロバート・A・ハインライン、アイザック・アシモフとともに「SF小説の三大巨匠」に数えられるイギリスのSF作家は誰でしょう？,アーサー・C・クラーク
353,元々は深夜の公園や大通りなどにたむろする若者を撃退するために考案された、17キロヘルツ程度の高周波の音のことを何というでしょう？,モスキート音
354,インド洋と大西洋を分ける地点ともなっている、アフリカ大陸最南端の岬は何でしょう？,アガラス岬
355,1946年にノーベル文学賞を受賞した、代表作に『ガラス玉演戯』『車輪の下』『少年の日の思い出』などがあるスイスの作家は誰でしょう？,ヘルマン・ヘッセ
356,1958年は「インスリンの構造研究」によって、1980年は「核酸の塩基配列の決定」によって二度ノーベル化学賞を受賞した人物は誰でしょう？,フレデリック・サンガー
357,ポルトガルの民族楽器・マシェーテを起源とする、ハワイ語で「跳ねるノミ」という意味があるハワイの弦楽器は何でしょう？,ウクレレ
358,イギリスの分子生物学者クリックが提唱した、DNAのもつ遺伝情報はRNAを介してタンパク質に一方向に伝えられるという説を何というでしょう？,セントラルドグマ
359,技術革新によって起きる、約50年周期の景気変動の波のことを、提唱したロシアの経済学者の名から何というでしょう？,コンドラチェフの波
360,ポーランドの眼科医ルドヴィゴ・ザメンホフが国際補助語を目指して考案した人工言語は何でしょう？,エスペラント語
361,社会学者の大野晃(あきら)が提唱した、高齢化や過疎化により存続が危ぶまれている集落を何というでしょう？,限界集落
362,刑法第81条で禁止され、法定刑が死刑のみのため最も重い罪とされる、外国政府と共謀して日本に対して武力を行使させる罪を何というでしょう？,外患誘致罪
363,英語では「ナイチンゲールフロア」と言う、二条城や知恩院のものが有名な、上を歩くと床がきしみ、音が出る廊下のことを何というでしょう？,うぐいす張り
364,強力磁石鋼のKS鋼を発見したことで知られる、鈴木梅太郎、長岡半太郎とともに「理研の三太郎」に数えられる物理学者は誰でしょう？,本多光太郎
365,エドヒガンとオオシマザクラの交配によって誕生した、本州の桜の開花予想に利用されている桜の品種は何でしょう？,ソメイヨシノ
366,ビューローの名付けた「ドイツ3B」といえば、バッハ、ベートーベンと誰でしょう？,ブラームス
367,ベトナム語で「刷新」という意味がある、1986年のベトナム共産党第6回党大会で提起された政策は何でしょう？,ドイモイ
368,最高峰は標高4165メートルのツブカル山である、その名はギリシャ神話の巨人の神に由来する、アフリカ大陸北西部を東西に走る山脈は何でしょう？,アトラス山脈
369,日本の市で、白石市があるのは宮城県ですが、黒石市があるのはどこでしょう？,青森県
370,「廻れば大門の見返り柳いと遠けれど」という書き出しで始まる、美登利と藤本信如の淡い恋を描いた、樋口一葉の短編小説は何でしょう？,『たけくらべ』
371,「気持ちが入ってないからボールだ」「俺がルールブックだ」などの数々の名言で知られる、昭和期の野球の審判は誰でしょう？,二出川延明
372,竜巻の規模を表す尺度に名を残す、気象現象「ダウンバースト」の発見者であり、「ミスター・トルネード」と呼ばれた日本の気象学者は誰でしょう？,藤田哲也
373,長良川、四万十川とともに日本３大清流に数えられる、静岡県を流れる日本で最も短い一級河川は何でしょう？,柿田川
374,紀元前202年に項羽と劉邦の間で行われた、故事成語「四面楚歌」の語源となった戦いは何でしょう？,垓下の戦い
375,ダイヤモンドの品質を表す「4C」とはカラット、カラー、カットと何でしょう？,クラリティ
376,那須与一が扇の的を矢で射抜いた逸話も有名な、1185年に現在の香川県で起こった源平合戦の一つは何でしょう？,屋島の戦い
377,その値は太陽質量のおよそ1.4倍である、白色矮星の質量限界のことを、アメリカの天文学者の名前から何というでしょう？,チャンドラセカール限界
378,1952年にノーベル平和賞を受賞した、ガボンでの医療活動に尽力し、「密林の聖者」と呼ばれたドイツの医師は誰でしょう？,シュバイツァー
379,哲学の用語で、「先天的」のことをアプリオリといいますが、「後天的」のことを何というでしょう？,アポステリオリ
380,約54年8ヶ月というマラソンの最長記録を残した、1912年にストックホルム五輪に参加し、日本人初の五輪参加者の１人となった人物は誰でしょう？,金栗四三
381,演劇や音楽界で、芝居が終わったあと、盛大な拍手に応えて再び登場した俳優が挨拶をすることを何というでしょう？,カーテンコール
382,テレビにおける視聴率のことを、ラジオでは何というでしょう？,聴取率
383,1441年、赤松満祐が室町幕府6代将軍足利義教を暗殺した事件は何でしょう？,嘉吉の乱
384,「供給はそれ自らの需要をつくりだす」という法則を、提唱したフランスの経済学者の名前から何というでしょう？,セーの法則
385,キーボードにおけるQWERTY配列のように、公的な認証ではなく市場の競争によって認められるようになった規格のことを何というでしょう？,デファクトスタンダード
386,ある特定の条件下では、水よりもお湯のほうが早く凍るという効果を、これを発見したタンザニアの高校生の名前から「何効果」というでしょう？,ムペンバ効果
387,第1回ノーベル物理学賞を受賞した、X線を発見し、日本におけるX線検査の別称に名を残すのは誰でしょう？,レントゲン
388,「お楽しみはこれからだ」というセリフも有名な、世界初のトーキー映画として知られる、アラン・クロスランド監督の映画は何でしょう？,『ジャズ・シンガー』
389,「人は達成した事柄よりも、達成できなかった事柄の方がよく覚えている」という現象のことを、提唱者の名前から「何効果」というでしょう？,ツァイガルニク効果
390,元の命題と真偽は一致する、「AならばBである」という命題に対する「BでないならばAである」という命題のことを何というでしょう？,対偶
391,黒丸一つだけの『冬眠』や、ひらがなの「る」が連なった『春殖』など、カエルを題材にした詩で知られる詩人は誰でしょう？,草野心平
392,日本郵便の１円切手に肖像が描かれている、日本の郵便の仕組みを築いたことから「日本郵便の父」と呼ばれる人物は誰でしょう？,前島密
393,本名をマリー・アンリ・ベールという、代表作に『パルムの僧院』『赤と黒』などがある、フランスの小説家は誰でしょう？,スタンダール
394,これによりナポレオンの百日天下に終止符が打たれた、1815年にフランス軍とイギリス・オランダ・プロイセン連合軍の間で行われた戦いは何でしょう？,ワーテルローの戦い
395,プランクトンの死骸などが海中をゆっくりと降下する現象を、ある気象現象に似ていることから何というでしょう？,マリンスノー
396,航空機の離着陸訓練で行われる、滑走路に着陸した後、すぐに離陸することを何というでしょう？,タッチアンドゴー
397,今川氏の『今川仮名目録』や伊達氏の『塵芥集』などが知られる、戦国大名が領域支配のために発布した法は何でしょう？,分国法
398,考案者の名前から「ペトリ皿」とも呼ばれる、細菌の培養などに用いられる実験器具は何でしょう？,シャーレ
399,元々は4人で行われていたが、のちに2人制のルールが作られ、チェスや将棋の起源となった、古代インドのボードゲームは何でしょう？,チャトランガ
400,「夕焼けは晴れ」「ツバメが低く飛ぶと雨」などのように、空模様や生物の行動から天気を経験的に予想する方法を何というでしょう？,観天望気